[
  {
    "model": "users.user",
    "pk": 1,
    "fields": {
      "email": "fcombs@ingram.biz",
      "password": "pbkdf2_sha256$600000$uYNU29eMZ0Id$Rqxtb0UJhDL1+c+WJz2WnRSzUMpTWr/PR4ZrMUVjaHg=",
      "first_name": "Ann",
      "last_name": "Diaz",
      "address": "033 Michael Parkways\nNorth Sonya, HI 35219",
      "phone_number": "001-217-412-8608x752",
      "is_active": true,
      "is_staff": false
    }
  },
  {
    "model": "users.user",
    "pk": 2,
    "fields": {
      "email": "sanderscurtis@gmail.com",
      "password": "pbkdf2_sha256$600000$uYNU29eMZ0Id$Rqxtb0UJhDL1+c+WJz2WnRSzUMpTWr/PR4ZrMUVjaHg=",
      "first_name": "Jennifer",
      "last_name": "Cummings",
      "address": "5761 Raymond Estates\nBurnettbury, SC 11588",
      "phone_number": "+1-458-214-4102x90050",
      "is_active": true,
      "is_staff": false
    }
  },
  {
    "model": "users.user",
    "pk": 3,
    "fields": {
      "email": "rhondajackson@jackson-mccoy.biz",
      "password": "pbkdf2_sha256$600000$uYNU29eMZ0Id$Rqxtb0UJhDL1+c+WJz2WnRSzUMpTWr/PR4ZrMUVjaHg=",
      "first_name": "Theresa",
      "last_name": "Lin",
      "address": "8838 Hamilton Lakes\nSouth Tamara, KY 24319",
      "phone_number": "+1-327-714-7385x3407",
      "is_active": true,
      "is_staff": false
    }
  },
  {
    "model": "users.user",
    "pk": 4,
    "fields": {
      "email": "paul47@gmail.com",
      "password": "pbkdf2_sha256$600000$uYNU29eMZ0Id$Rqxtb0UJhDL1+c+WJz2WnRSzUMpTWr/PR4ZrMUVjaHg=",
      "first_name": "Connie",
      "last_name": "Callahan",
      "address": "31906 Robert Ramp\nTammyton, ID 73638",
      "phone_number": "001-411-387-2362",
      "is_active": true,
      "is_staff": false
    }
  },
  {
    "model": "users.user",
    "pk": 5,
    "fields": {
      "email": "charlesgarza@hotmail.com",
      "password": "pbkdf2_sha256$600000$uYNU29eMZ0Id$Rqxtb0UJhDL1+c+WJz2WnRSzUMpTWr/PR4ZrMUVjaHg=",
      "first_name": "Laura",
      "last_name": "Wells",
      "address": "90617 Harris Brook Apt. 597\nNew Lisa, OH 60323",
      "phone_number": "655-743-9152x648",
      "is_active": true,
      "is_staff": false
    }
  },
  {
    "model": "users.user",
    "pk": 6,
    "fields": {
      "email": "devoncohen@gmail.com",
      "password": "pbkdf2_sha256$600000$uYNU29eMZ0Id$Rqxtb0UJhDL1+c+WJz2WnRSzUMpTWr/PR4ZrMUVjaHg=",
      "first_name": "Matthew",
      "last_name": "Hess",
      "address": "35703 Burton Rest Suite 836\nMichelleshire, HI 93536",
      "phone_number": "019.196.8323",
      "is_active": true,
      "is_staff": false
    }
  },
  {
    "model": "users.user",
    "pk": 7,
    "fields": {
      "email": "johngraves@yahoo.com",
      "password": "pbkdf2_sha256$600000$uYNU29eMZ0Id$Rqxtb0UJhDL1+c+WJz2WnRSzUMpTWr/PR4ZrMUVjaHg=",
      "first_name": "Matthew",
      "last_name": "Allison",
      "address": "407 Sharon Passage\nNew Matthew, TN 31247",
      "phone_number": "(691)322-0867",
      "is_active": true,
      "is_staff": false
    }
  },
  {
    "model": "users.user",
    "pk": 8,
    "fields": {
      "email": "jennifergutierrez@yahoo.com",
      "password": "pbkdf2_sha256$600000$uYNU29eMZ0Id$Rqxtb0UJhDL1+c+WJz2WnRSzUMpTWr/PR4ZrMUVjaHg=",
      "first_name": "Corey",
      "last_name": "Peterson",
      "address": "PSC 2002, Box 9830\nAPO AP 17931",
      "phone_number": "(121)460-3931x894",
      "is_active": true,
      "is_staff": false
    }
  },
  {
    "model": "users.user",
    "pk": 9,
    "fields": {
      "email": "grosstina@gonzalez-miles.biz",
      "password": "pbkdf2_sha256$600000$uYNU29eMZ0Id$Rqxtb0UJhDL1+c+WJz2WnRSzUMpTWr/PR4ZrMUVjaHg=",
      "first_name": "Jerry",
      "last_name": "Hartman",
      "address": "72673 Roberta Key Suite 046\nWest Scott, HI 23897",
      "phone_number": "(762)984-1647",
      "is_active": true,
      "is_staff": false
    }
  },
  {
    "model": "users.user",
    "pk": 10,
    "fields": {
      "email": "brandiadams@yahoo.com",
      "password": "pbkdf2_sha256$600000$uYNU29eMZ0Id$Rqxtb0UJhDL1+c+WJz2WnRSzUMpTWr/PR4ZrMUVjaHg=",
      "first_name": "Jim",
      "last_name": "Harvey",
      "address": "80863 Wanda Landing\nWest Michael, MD 50945",
      "phone_number": "207-871-6913x2258",
      "is_active": true,
      "is_staff": false
    }
  },
  {
    "model": "users.user",
    "pk": 11,
    "fields": {
      "email": "coxlisa@hotmail.com",
      "password": "pbkdf2_sha256$600000$uYNU29eMZ0Id$Rqxtb0UJhDL1+c+WJz2WnRSzUMpTWr/PR4ZrMUVjaHg=",
      "first_name": "Amanda",
      "last_name": "Ellis",
      "address": "6341 Gamble Tunnel Suite 690\nRobertchester, HI 90306",
      "phone_number": "(346)260-8724x32103",
      "is_active": true,
      "is_staff": false
    }
  },
  {
    "model": "users.user",
    "pk": 12,
    "fields": {
      "email": "qanderson@gonzales.com",
      "password": "pbkdf2_sha256$600000$uYNU29eMZ0Id$Rqxtb0UJhDL1+c+WJz2WnRSzUMpTWr/PR4ZrMUVjaHg=",
      "first_name": "Manuel",
      "last_name": "Clark",
      "address": "643 King Mall Suite 619\nDavidport, NJ 20531",
      "phone_number": "(848)706-9252",
      "is_active": true,
      "is_staff": false
    }
  },
  {
    "model": "users.user",
    "pk": 13,
    "fields": {
      "email": "jimenezchristopher@leach-lopez.com",
      "password": "pbkdf2_sha256$600000$uYNU29eMZ0Id$Rqxtb0UJhDL1+c+WJz2WnRSzUMpTWr/PR4ZrMUVjaHg=",
      "first_name": "Jerry",
      "last_name": "Rose",
      "address": "67043 Kimberly Ville\nLake Brooke, AZ 11707",
      "phone_number": "515-109-0382x9446",
      "is_active": true,
      "is_staff": false
    }
  },
  {
    "model": "users.user",
    "pk": 14,
    "fields": {
      "email": "wrightkaren@richardson-ingram.com",
      "password": "pbkdf2_sha256$600000$uYNU29eMZ0Id$Rqxtb0UJhDL1+c+WJz2WnRSzUMpTWr/PR4ZrMUVjaHg=",
      "first_name": "Christopher",
      "last_name": "Lopez",
      "address": "354 Pamela Crossroad Apt. 859\nKennethberg, IA 70323",
      "phone_number": "(275)335-9679x361",
      "is_active": true,
      "is_staff": false
    }
  },
  {
    "model": "users.user",
    "pk": 15,
    "fields": {
      "email": "joseph41@gmail.com",
      "password": "pbkdf2_sha256$600000$uYNU29eMZ0Id$Rqxtb0UJhDL1+c+WJz2WnRSzUMpTWr/PR4ZrMUVjaHg=",
      "first_name": "Robert",
      "last_name": "Williams",
      "address": "008 Ashley Dale\nTonyfurt, OH 90011",
      "phone_number": "232.971.0303x837",
      "is_active": true,
      "is_staff": false
    }
  },
  {
    "model": "users.user",
    "pk": 16,
    "fields": {
      "email": "fjackson@gmail.com",
      "password": "pbkdf2_sha256$600000$uYNU29eMZ0Id$Rqxtb0UJhDL1+c+WJz2WnRSzUMpTWr/PR4ZrMUVjaHg=",
      "first_name": "Kimberly",
      "last_name": "Jones",
      "address": "78919 Davis Lakes\nJerryborough, AZ 27419",
      "phone_number": "999.272.3841x32148",
      "is_active": true,
      "is_staff": false
    }
  },
  {
    "model": "users.user",
    "pk": 17,
    "fields": {
      "email": "sarahholden@shelton.biz",
      "password": "pbkdf2_sha256$600000$uYNU29eMZ0Id$Rqxtb0UJhDL1+c+WJz2WnRSzUMpTWr/PR4ZrMUVjaHg=",
      "first_name": "Michael",
      "last_name": "Hamilton",
      "address": "230 Kendra Station\nWest Robert, NJ 19935",
      "phone_number": "001-611-742-6404x77530",
      "is_active": true,
      "is_staff": false
    }
  },
  {
    "model": "users.user",
    "pk": 18,
    "fields": {
      "email": "millsrobert@thomas-gilbert.net",
      "password": "pbkdf2_sha256$600000$uYNU29eMZ0Id$Rqxtb0UJhDL1+c+WJz2WnRSzUMpTWr/PR4ZrMUVjaHg=",
      "first_name": "Joshua",
      "last_name": "Clark",
      "address": "12557 Webb Fall Suite 678\nWest Jason, WV 09448",
      "phone_number": "001-791-286-2065x145",
      "is_active": true,
      "is_staff": false
    }
  },
  {
    "model": "users.user",
    "pk": 19,
    "fields": {
      "email": "nelsonsara@cole.net",
      "password": "pbkdf2_sha256$600000$uYNU29eMZ0Id$Rqxtb0UJhDL1+c+WJz2WnRSzUMpTWr/PR4ZrMUVjaHg=",
      "first_name": "Emily",
      "last_name": "Scott",
      "address": "6291 Jonathan Walk\nKiaraland, VA 67200",
      "phone_number": "001-284-883-4850x167",
      "is_active": true,
      "is_staff": false
    }
  },
  {
    "model": "users.user",
    "pk": 20,
    "fields": {
      "email": "robinsonnancy@gmail.com",
      "password": "pbkdf2_sha256$600000$uYNU29eMZ0Id$Rqxtb0UJhDL1+c+WJz2WnRSzUMpTWr/PR4ZrMUVjaHg=",
      "first_name": "David",
      "last_name": "Murray",
      "address": "838 Elizabeth Stream\nNorth Jessica, WI 05484",
      "phone_number": "001-487-513-6993x1771",
      "is_active": true,
      "is_staff": false
    }
  },
  {
    "model": "job.category",
    "pk": 1,
    "fields": {
      "name": "Research officer, political party Services",
      "description": "Wish sign early business during five role."
    }
  },
  {
    "model": "job.category",
    "pk": 2,
    "fields": {
      "name": "Acupuncturist Services",
      "description": "Result always Republican cut."
    }
  },
  {
    "model": "job.category",
    "pk": 3,
    "fields": {
      "name": "Publishing copy Services",
      "description": "Serious course though last."
    }
  },
  {
    "model": "job.category",
    "pk": 4,
    "fields": {
      "name": "Cartographer Services",
      "description": "Central hit participant."
    }
  },
  {
    "model": "job.category",
    "pk": 5,
    "fields": {
      "name": "Recycling officer Services",
      "description": "Event style ahead difference when possible."
    }
  },
  {
    "model": "job.job",
    "pk": 1,
    "fields": {
      "name": "Diverse radical flexibility",
      "description": "Now pay grow allow. Mind into buy laugh class data. Condition somebody bank much herself food best.\nStar specific hair worker improve home. Chair thousand member land us.",
      "price": "842.39",
      "category": 5,
      "created_at": "2025-04-24T05:04:25.314528+00:00",
      "updated_at": "2025-04-24T05:04:25.314538+00:00"
    }
  },
  {
    "model": "job.job",
    "pk": 2,
    "fields": {
      "name": "Upgradable high-level forecast",
      "description": "Lay ok measure citizen anything. Fire treat question much.\nMind get up better general strong free. East since list raise prevent middle her. Drive doctor glass poor enter.",
      "price": "89.15",
      "category": 1,
      "created_at": "2025-04-24T05:04:25.314648+00:00",
      "updated_at": "2025-04-24T05:04:25.314651+00:00"
    }
  },
  {
    "model": "job.job",
    "pk": 3,
    "fields": {
      "name": "Decentralized even-keeled protocol",
      "description": "Image early black hope. Like leave surface until animal morning. If people easy evening.",
      "price": "451.48",
      "category": 1,
      "created_at": "2025-04-24T05:04:25.314752+00:00",
      "updated_at": "2025-04-24T05:04:25.314755+00:00"
    }
  },
  {
    "model": "job.job",
    "pk": 4,
    "fields": {
      "name": "Diverse global ability",
      "description": "Enough dog thought several. Surface close quickly current entire mind one. Item she value crime such science hair.",
      "price": "821.9",
      "category": 1,
      "created_at": "2025-04-24T05:04:25.314857+00:00",
      "updated_at": "2025-04-24T05:04:25.314861+00:00"
    }
  },
  {
    "model": "job.job",
    "pk": 5,
    "fields": {
      "name": "Ergonomic fresh-thinking product",
      "description": "Cause live list consider. Fly bit force analysis. This box save head large us bank.\nSystem list itself matter nature either leave weight. Stage anyone future improve once church eat.",
      "price": "209.25",
      "category": 1,
      "created_at": "2025-04-24T05:04:25.314976+00:00",
      "updated_at": "2025-04-24T05:04:25.314979+00:00"
    }
  },
  {
    "model": "job.job",
    "pk": 6,
    "fields": {
      "name": "Synchronized cohesive process improvement",
      "description": "Food black local system. Religious they bill manage control social theory moment. Under current within heart.",
      "price": "441.49",
      "category": 2,
      "created_at": "2025-04-24T05:04:25.315065+00:00",
      "updated_at": "2025-04-24T05:04:25.315067+00:00"
    }
  },
  {
    "model": "job.job",
    "pk": 7,
    "fields": {
      "name": "Innovative user-facing artificial intelligence",
      "description": "Candidate church ahead run general close every. Do visit phone by star year. Example air keep they.\nMember network book sounds adult model.",
      "price": "781.92",
      "category": 5,
      "created_at": "2025-04-24T05:04:25.315156+00:00",
      "updated_at": "2025-04-24T05:04:25.315158+00:00"
    }
  },
  {
    "model": "job.job",
    "pk": 8,
    "fields": {
      "name": "Fundamental 24/7 superstructure",
      "description": "Add company account husband wife still consider. Woman support involve. Pull place history eye model throughout attack.\nForce around thus operation radio.",
      "price": "229.9",
      "category": 3,
      "created_at": "2025-04-24T05:04:25.315248+00:00",
      "updated_at": "2025-04-24T05:04:25.315251+00:00"
    }
  },
  {
    "model": "job.job",
    "pk": 9,
    "fields": {
      "name": "Grass-roots heuristic ability",
      "description": "Data will spring body artist government. Law room goal ball nice. Entire article mouth you plant who statement.",
      "price": "706.46",
      "category": 4,
      "created_at": "2025-04-24T05:04:25.315333+00:00",
      "updated_at": "2025-04-24T05:04:25.315336+00:00"
    }
  },
  {
    "model": "job.job",
    "pk": 10,
    "fields": {
      "name": "Right-sized solution-oriented firmware",
      "description": "Marriage reduce significant what turn throw level.\nScore conference early data media three none. Congress position skill so. Bag me total debate work if. Treatment style provide wife church.",
      "price": "218.88",
      "category": 1,
      "created_at": "2025-04-24T05:04:25.315430+00:00",
      "updated_at": "2025-04-24T05:04:25.315432+00:00"
    }
  },
  {
    "model": "job.job",
    "pk": 11,
    "fields": {
      "name": "Grass-roots explicit process improvement",
      "description": "Husband bank next also computer high. Hit picture power force town raise do.\nArt wall role language force computer. Become each value above. North purpose everyone. Tend debate between then.",
      "price": "514.15",
      "category": 1,
      "created_at": "2025-04-24T05:04:25.315515+00:00",
      "updated_at": "2025-04-24T05:04:25.315518+00:00"
    }
  },
  {
    "model": "job.job",
    "pk": 12,
    "fields": {
      "name": "Extended modular matrices",
      "description": "New billion he. Nice safe us natural body collection. Along question system gun out laugh case order.\nOccur meeting listen rule air. Notice become option collection know.",
      "price": "120.71",
      "category": 1,
      "created_at": "2025-04-24T05:04:25.315613+00:00",
      "updated_at": "2025-04-24T05:04:25.315616+00:00"
    }
  },
  {
    "model": "job.job",
    "pk": 13,
    "fields": {
      "name": "Organized object-oriented policy",
      "description": "After start peace attention. Outside north read property network discuss he. Measure deal fear draw baby hand.\nAgreement along expect class report be charge me. Suffer suggest test.",
      "price": "597.39",
      "category": 5,
      "created_at": "2025-04-24T05:04:25.315722+00:00",
      "updated_at": "2025-04-24T05:04:25.315725+00:00"
    }
  },
  {
    "model": "job.job",
    "pk": 14,
    "fields": {
      "name": "Cross-group object-oriented encryption",
      "description": "Message last media check when himself message. Need federal theory different camera.\nOthers general me. Authority impact stand sell find example catch. Seek none everybody early father clearly watch.",
      "price": "812.51",
      "category": 4,
      "created_at": "2025-04-24T05:04:25.315847+00:00",
      "updated_at": "2025-04-24T05:04:25.315850+00:00"
    }
  },
  {
    "model": "job.job",
    "pk": 15,
    "fields": {
      "name": "Innovative impactful leverage",
      "description": "Need discussion industry right sound. Television explain around law. Cup any media maintain truth amount. Upon authority you yes produce too.",
      "price": "811.82",
      "category": 1,
      "created_at": "2025-04-24T05:04:25.315935+00:00",
      "updated_at": "2025-04-24T05:04:25.315937+00:00"
    }
  },
  {
    "model": "job.job",
    "pk": 16,
    "fields": {
      "name": "Open-source tertiary synergy",
      "description": "Itself cell city early movie nor. Side can past entire way clear let.\nFinally could difficult might here adult. Many safe perform accept serve everything. Group wish matter current Mr.",
      "price": "23.25",
      "category": 1,
      "created_at": "2025-04-24T05:04:25.316030+00:00",
      "updated_at": "2025-04-24T05:04:25.316032+00:00"
    }
  },
  {
    "model": "job.job",
    "pk": 17,
    "fields": {
      "name": "Operative non-volatile implementation",
      "description": "Might far occur player history. Book blue machine figure.\nRed on speech discuss usually always night. Other home bank likely. Into fear price side also pattern care tell.",
      "price": "367.98",
      "category": 3,
      "created_at": "2025-04-24T05:04:25.316126+00:00",
      "updated_at": "2025-04-24T05:04:25.316129+00:00"
    }
  },
  {
    "model": "job.job",
    "pk": 18,
    "fields": {
      "name": "Enhanced zero tolerance initiative",
      "description": "Simply page worry. Section bank value piece impact learn per young. Another training stock run.\nRemain interview no vote.",
      "price": "321.6",
      "category": 2,
      "created_at": "2025-04-24T05:04:25.316211+00:00",
      "updated_at": "2025-04-24T05:04:25.316213+00:00"
    }
  },
  {
    "model": "job.job",
    "pk": 19,
    "fields": {
      "name": "Programmable interactive throughput",
      "description": "City fall either. Child find be agreement education wait throw.\nMinute ahead maintain. Miss fear help staff.",
      "price": "805.71",
      "category": 5,
      "created_at": "2025-04-24T05:04:25.316301+00:00",
      "updated_at": "2025-04-24T05:04:25.316303+00:00"
    }
  },
  {
    "model": "job.job",
    "pk": 20,
    "fields": {
      "name": "Open-architected tertiary projection",
      "description": "Often conference must ten score. Bag suffer thus worker cover personal. Start arrive week rise beat.\nNot sure entire resource reach anything. Wind western pick poor general street.",
      "price": "570.22",
      "category": 5,
      "created_at": "2025-04-24T05:04:25.316387+00:00",
      "updated_at": "2025-04-24T05:04:25.316389+00:00"
    }
  },
  {
    "model": "order.order",
    "pk": "eed9d5be-9a92-4665-b00c-978a7ec6d4f5",
    "fields": {
      "user": 12,
      "status": "Not Paid",
      "total_price": "1072.24",
      "created_at": "2025-04-24T05:04:25.316908+00:00",
      "updated_at": "2025-04-24T05:04:25.316912+00:00"
    }
  },
  {
    "model": "order.order",
    "pk": "4952414d-d8d0-45fc-addf-33e63146d19f",
    "fields": {
      "user": 19,
      "status": "Not Paid",
      "total_price": "1375.13",
      "created_at": "2025-04-24T05:04:25.317000+00:00",
      "updated_at": "2025-04-24T05:04:25.317003+00:00"
    }
  },
  {
    "model": "order.order",
    "pk": "9d3d5221-3ced-45a2-b02b-d4aacafc69d1",
    "fields": {
      "user": 18,
      "status": "Not Paid",
      "total_price": "1010.74",
      "created_at": "2025-04-24T05:04:25.317084+00:00",
      "updated_at": "2025-04-24T05:04:25.317087+00:00"
    }
  },
  {
    "model": "order.order",
    "pk": "610d9b89-aa75-41d0-83a7-cb2779efeadc",
    "fields": {
      "user": 20,
      "status": "Not Paid",
      "total_price": "746.91",
      "created_at": "2025-04-24T05:04:25.317159+00:00",
      "updated_at": "2025-04-24T05:04:25.317162+00:00"
    }
  },
  {
    "model": "order.order",
    "pk": "550c93e4-784b-455a-8807-c7b29e00499b",
    "fields": {
      "user": 6,
      "status": "Not Paid",
      "total_price": "1301.57",
      "created_at": "2025-04-24T05:04:25.317238+00:00",
      "updated_at": "2025-04-24T05:04:25.317240+00:00"
    }
  },
  {
    "model": "order.order",
    "pk": "697a32d2-0a21-461f-9d93-2f749cc7acd2",
    "fields": {
      "user": 9,
      "status": "Not Paid",
      "total_price": "1327.9",
      "created_at": "2025-04-24T05:04:25.317317+00:00",
      "updated_at": "2025-04-24T05:04:25.317319+00:00"
    }
  },
  {
    "model": "order.order",
    "pk": "0144214b-5fe6-48e3-baed-bcd51118b1e3",
    "fields": {
      "user": 7,
      "status": "Not Paid",
      "total_price": "1053.83",
      "created_at": "2025-04-24T05:04:25.317389+00:00",
      "updated_at": "2025-04-24T05:04:25.317393+00:00"
    }
  },
  {
    "model": "order.order",
    "pk": "82c6448a-e82a-4cd9-9314-8363a4967cce",
    "fields": {
      "user": 6,
      "status": "Not Paid",
      "total_price": "796.05",
      "created_at": "2025-04-24T05:04:25.317475+00:00",
      "updated_at": "2025-04-24T05:04:25.317479+00:00"
    }
  },
  {
    "model": "order.order",
    "pk": "eaa11156-d76e-4fbe-9388-63c6d70d320f",
    "fields": {
      "user": 13,
      "status": "Not Paid",
      "total_price": "1277.28",
      "created_at": "2025-04-24T05:04:25.317578+00:00",
      "updated_at": "2025-04-24T05:04:25.317580+00:00"
    }
  },
  {
    "model": "order.order",
    "pk": "3ce6f4e3-3b4a-4c38-9574-93d9044aa72a",
    "fields": {
      "user": 9,
      "status": "Not Paid",
      "total_price": "1112.69",
      "created_at": "2025-04-24T05:04:25.317664+00:00",
      "updated_at": "2025-04-24T05:04:25.317666+00:00"
    }
  },
  {
    "model": "order.order",
    "pk": "a59e69db-01a7-4c46-b7dd-3525791898b7",
    "fields": {
      "user": 4,
      "status": "Not Paid",
      "total_price": "1356.04",
      "created_at": "2025-04-24T05:04:25.317805+00:00",
      "updated_at": "2025-04-24T05:04:25.317807+00:00"
    }
  },
  {
    "model": "order.order",
    "pk": "92875f22-de95-47eb-a11b-3d58bde0b66d",
    "fields": {
      "user": 17,
      "status": "Not Paid",
      "total_price": "1024.46",
      "created_at": "2025-04-24T05:04:25.317883+00:00",
      "updated_at": "2025-04-24T05:04:25.317885+00:00"
    }
  },
  {
    "model": "order.order",
    "pk": "2b4013a6-47b2-4a9f-a530-1d208f2994e0",
    "fields": {
      "user": 18,
      "status": "Not Paid",
      "total_price": "1063.5",
      "created_at": "2025-04-24T05:04:25.317961+00:00",
      "updated_at": "2025-04-24T05:04:25.317963+00:00"
    }
  },
  {
    "model": "order.order",
    "pk": "cf06a254-013d-497c-b718-6e4d7debdf70",
    "fields": {
      "user": 11,
      "status": "Not Paid",
      "total_price": "383.09",
      "created_at": "2025-04-24T05:04:25.318036+00:00",
      "updated_at": "2025-04-24T05:04:25.318038+00:00"
    }
  },
  {
    "model": "order.order",
    "pk": "9734e573-0f3c-4e26-adb8-9ec8e087d6cf",
    "fields": {
      "user": 9,
      "status": "Not Paid",
      "total_price": "1149.65",
      "created_at": "2025-04-24T05:04:25.318093+00:00",
      "updated_at": "2025-04-24T05:04:25.318096+00:00"
    }
  },
  {
    "model": "order.orderitem",
    "pk": 1,
    "fields": {
      "order": "eed9d5be-9a92-4665-b00c-978a7ec6d4f5",
      "job": 20,
      "price": "107.89",
      "total_price": "107.89"
    }
  },
  {
    "model": "order.orderitem",
    "pk": 2,
    "fields": {
      "order": "eed9d5be-9a92-4665-b00c-978a7ec6d4f5",
      "job": 13,
      "price": "964.35",
      "total_price": "964.35"
    }
  },
  {
    "model": "order.orderitem",
    "pk": 3,
    "fields": {
      "order": "4952414d-d8d0-45fc-addf-33e63146d19f",
      "job": 1,
      "price": "588.22",
      "total_price": "588.22"
    }
  },
  {
    "model": "order.orderitem",
    "pk": 4,
    "fields": {
      "order": "4952414d-d8d0-45fc-addf-33e63146d19f",
      "job": 13,
      "price": "786.91",
      "total_price": "786.91"
    }
  },
  {
    "model": "order.orderitem",
    "pk": 5,
    "fields": {
      "order": "9d3d5221-3ced-45a2-b02b-d4aacafc69d1",
      "job": 6,
      "price": "121.79",
      "total_price": "121.79"
    }
  },
  {
    "model": "order.orderitem",
    "pk": 6,
    "fields": {
      "order": "9d3d5221-3ced-45a2-b02b-d4aacafc69d1",
      "job": 9,
      "price": "888.95",
      "total_price": "888.95"
    }
  },
  {
    "model": "order.orderitem",
    "pk": 7,
    "fields": {
      "order": "610d9b89-aa75-41d0-83a7-cb2779efeadc",
      "job": 8,
      "price": "283.29",
      "total_price": "283.29"
    }
  },
  {
    "model": "order.orderitem",
    "pk": 8,
    "fields": {
      "order": "610d9b89-aa75-41d0-83a7-cb2779efeadc",
      "job": 3,
      "price": "463.62",
      "total_price": "463.62"
    }
  },
  {
    "model": "order.orderitem",
    "pk": 9,
    "fields": {
      "order": "550c93e4-784b-455a-8807-c7b29e00499b",
      "job": 1,
      "price": "536.4",
      "total_price": "536.4"
    }
  },
  {
    "model": "order.orderitem",
    "pk": 10,
    "fields": {
      "order": "550c93e4-784b-455a-8807-c7b29e00499b",
      "job": 10,
      "price": "765.17",
      "total_price": "765.17"
    }
  },
  {
    "model": "order.orderitem",
    "pk": 11,
    "fields": {
      "order": "697a32d2-0a21-461f-9d93-2f749cc7acd2",
      "job": 8,
      "price": "508.0",
      "total_price": "508.0"
    }
  },
  {
    "model": "order.orderitem",
    "pk": 12,
    "fields": {
      "order": "697a32d2-0a21-461f-9d93-2f749cc7acd2",
      "job": 20,
      "price": "819.9",
      "total_price": "819.9"
    }
  },
  {
    "model": "order.orderitem",
    "pk": 13,
    "fields": {
      "order": "0144214b-5fe6-48e3-baed-bcd51118b1e3",
      "job": 13,
      "price": "154.43",
      "total_price": "154.43"
    }
  },
  {
    "model": "order.orderitem",
    "pk": 14,
    "fields": {
      "order": "0144214b-5fe6-48e3-baed-bcd51118b1e3",
      "job": 12,
      "price": "899.4",
      "total_price": "899.4"
    }
  },
  {
    "model": "order.orderitem",
    "pk": 15,
    "fields": {
      "order": "82c6448a-e82a-4cd9-9314-8363a4967cce",
      "job": 15,
      "price": "187.87",
      "total_price": "187.87"
    }
  },
  {
    "model": "order.orderitem",
    "pk": 16,
    "fields": {
      "order": "82c6448a-e82a-4cd9-9314-8363a4967cce",
      "job": 4,
      "price": "608.18",
      "total_price": "608.18"
    }
  },
  {
    "model": "order.orderitem",
    "pk": 17,
    "fields": {
      "order": "eaa11156-d76e-4fbe-9388-63c6d70d320f",
      "job": 11,
      "price": "554.85",
      "total_price": "554.85"
    }
  },
  {
    "model": "order.orderitem",
    "pk": 18,
    "fields": {
      "order": "eaa11156-d76e-4fbe-9388-63c6d70d320f",
      "job": 18,
      "price": "722.43",
      "total_price": "722.43"
    }
  },
  {
    "model": "order.orderitem",
    "pk": 19,
    "fields": {
      "order": "3ce6f4e3-3b4a-4c38-9574-93d9044aa72a",
      "job": 3,
      "price": "124.79",
      "total_price": "124.79"
    }
  },
  {
    "model": "order.orderitem",
    "pk": 20,
    "fields": {
      "order": "3ce6f4e3-3b4a-4c38-9574-93d9044aa72a",
      "job": 7,
      "price": "987.9",
      "total_price": "987.9"
    }
  },
  {
    "model": "order.orderitem",
    "pk": 21,
    "fields": {
      "order": "a59e69db-01a7-4c46-b7dd-3525791898b7",
      "job": 4,
      "price": "445.8",
      "total_price": "445.8"
    }
  },
  {
    "model": "order.orderitem",
    "pk": 22,
    "fields": {
      "order": "a59e69db-01a7-4c46-b7dd-3525791898b7",
      "job": 19,
      "price": "910.24",
      "total_price": "910.24"
    }
  },
  {
    "model": "order.orderitem",
    "pk": 23,
    "fields": {
      "order": "92875f22-de95-47eb-a11b-3d58bde0b66d",
      "job": 5,
      "price": "61.9",
      "total_price": "61.9"
    }
  },
  {
    "model": "order.orderitem",
    "pk": 24,
    "fields": {
      "order": "92875f22-de95-47eb-a11b-3d58bde0b66d",
      "job": 4,
      "price": "962.56",
      "total_price": "962.56"
    }
  },
  {
    "model": "order.orderitem",
    "pk": 25,
    "fields": {
      "order": "2b4013a6-47b2-4a9f-a530-1d208f2994e0",
      "job": 10,
      "price": "760.31",
      "total_price": "760.31"
    }
  },
  {
    "model": "order.orderitem",
    "pk": 26,
    "fields": {
      "order": "2b4013a6-47b2-4a9f-a530-1d208f2994e0",
      "job": 12,
      "price": "303.19",
      "total_price": "303.19"
    }
  },
  {
    "model": "order.orderitem",
    "pk": 27,
    "fields": {
      "order": "cf06a254-013d-497c-b718-6e4d7debdf70",
      "job": 5,
      "price": "304.19",
      "total_price": "304.19"
    }
  },
  {
    "model": "order.orderitem",
    "pk": 28,
    "fields": {
      "order": "cf06a254-013d-497c-b718-6e4d7debdf70",
      "job": 11,
      "price": "78.9",
      "total_price": "78.9"
    }
  },
  {
    "model": "order.orderitem",
    "pk": 29,
    "fields": {
      "order": "9734e573-0f3c-4e26-adb8-9ec8e087d6cf",
      "job": 2,
      "price": "542.49",
      "total_price": "542.49"
    }
  },
  {
    "model": "order.orderitem",
    "pk": 30,
    "fields": {
      "order": "9734e573-0f3c-4e26-adb8-9ec8e087d6cf",
      "job": 16,
      "price": "607.16",
      "total_price": "607.16"
    }
  }
]